Window,Attack_Probability,Max_Attack_Probability,Traffic_Count,Minute
0,0.00259,0.46,1000,2026-01-01 09:00:00
1,0.0014399999999999999,0.52,1000,2026-01-01 09:01:00
2,0.308433057591564,1.0,1000,2026-01-01 09:02:00
3,0.82471,1.0,1000,2026-01-01 09:03:00
4,0.636192740668098,1.0,1000,2026-01-01 09:04:00
5,0.70347,1.0,1000,2026-01-01 09:05:00
6,0.84788,1.0,1000,2026-01-01 09:06:00
7,0.5862933342242744,1.0,1000,2026-01-01 09:07:00
8,0.6285299999999999,1.0,1000,2026-01-01 09:08:00
9,0.80965,1.0,1000,2026-01-01 09:09:00
10,0.86158,1.0,1000,2026-01-01 09:10:00
11,0.78899,1.0,1000,2026-01-01 09:11:00
12,0.7122999999999999,1.0,1000,2026-01-01 09:12:00
13,0.75279,1.0,1000,2026-01-01 09:13:00
14,0.67472,1.0,1000,2026-01-01 09:14:00
15,0.8160700000000001,1.0,1000,2026-01-01 09:15:00
16,0.8587899999999999,1.0,1000,2026-01-01 09:16:00
17,0.6034700000000001,1.0,1000,2026-01-01 09:17:00
18,0.62495,1.0,1000,2026-01-01 09:18:00
19,0.61418,1.0,1000,2026-01-01 09:19:00
20,0.87658,1.0,1000,2026-01-01 09:20:00
21,0.79661,1.0,1000,2026-01-01 09:21:00
22,0.55177,1.0,1000,2026-01-01 09:22:00
23,0.6657799999999999,1.0,1000,2026-01-01 09:23:00
24,0.7322799999999999,1.0,1000,2026-01-01 09:24:00
25,0.5839099999999999,1.0,1000,2026-01-01 09:25:00
26,0.59339,1.0,1000,2026-01-01 09:26:00
27,0.6361100000000001,1.0,1000,2026-01-01 09:27:00
28,0.19344,1.0,1000,2026-01-01 09:28:00
29,0.00054,0.09,1000,2026-01-01 09:29:00
30,0.0008300000000000001,0.24,1000,2026-01-01 09:30:00
31,0.00409,0.58,1000,2026-01-01 09:31:00
32,0.00418,0.65,1000,2026-01-01 09:32:00
33,0.004078907407356053,0.7089074073560527,1000,2026-01-01 09:33:00
34,0.00233,0.19,1000,2026-01-01 09:34:00
35,0.0016699999999999998,0.49,1000,2026-01-01 09:35:00
36,0.021420421931630518,1.0,1000,2026-01-01 09:36:00
37,0.01877,1.0,1000,2026-01-01 09:37:00
38,0.02089803005,1.0,1000,2026-01-01 09:38:00
39,0.0032600000000000003,0.65,1000,2026-01-01 09:39:00
40,0.0019480300500000001,0.48,1000,2026-01-01 09:40:00
41,0.00421,0.79,1000,2026-01-01 09:41:00
42,0.9714570959251284,1.0,1000,2026-01-01 09:42:00
43,0.9758270958587323,1.0,1000,2026-01-01 09:43:00
44,0.9677977436483949,1.0,1000,2026-01-01 09:44:00
45,0.9796779243529472,1.0,1000,2026-01-01 09:45:00
46,0.9776687623940008,1.0,1000,2026-01-01 09:46:00
47,0.9764768701779931,1.0,1000,2026-01-01 09:47:00
48,0.8498951807341052,1.0,1000,2026-01-01 09:48:00
49,0.9655199999999999,1.0,1000,2026-01-01 09:49:00
50,0.96097,1.0,1000,2026-01-01 09:50:00
51,0.9897,1.0,1000,2026-01-01 09:51:00
52,0.98986,1.0,1000,2026-01-01 09:52:00
53,0.97139,1.0,1000,2026-01-01 09:53:00
54,0.9797100000000001,1.0,1000,2026-01-01 09:54:00
55,0.97848,1.0,1000,2026-01-01 09:55:00
56,0.89742,1.0,1000,2026-01-01 09:56:00
57,0.88071,1.0,1000,2026-01-01 09:57:00
58,0.00187,0.7,1000,2026-01-01 09:58:00
59,0.785938885091941,1.0,1000,2026-01-01 09:59:00
60,0.433178815550435,1.0,1000,2026-01-01 10:00:00
61,0.07066803005,1.0,1000,2026-01-01 10:01:00
62,0.7079630916855704,1.0,1000,2026-01-01 10:02:00
63,0.22136890740735607,1.0,1000,2026-01-01 10:03:00
64,0.00281,0.85,1000,2026-01-01 10:04:00
65,0.0020498317867570764,0.9798317867570765,1000,2026-01-01 10:05:00
66,0.00076,0.14,1000,2026-01-01 10:06:00
67,0.00062,0.09,1000,2026-01-01 10:07:00
68,0.00166,0.64,1000,2026-01-01 10:08:00
69,0.00135,0.25,1000,2026-01-01 10:09:00
70,0.0024675896345463777,0.98,1000,2026-01-01 10:10:00
71,0.00066,0.15,1000,2026-01-01 10:11:00
72,0.0011300000000000001,0.23,1000,2026-01-01 10:12:00
73,0.00528,1.0,1000,2026-01-01 10:13:00
74,0.00512,1.0,1000,2026-01-01 10:14:00
75,0.0056,1.0,1000,2026-01-01 10:15:00
76,0.0043,1.0,1000,2026-01-01 10:16:00
77,0.006860000000000001,1.0,1000,2026-01-01 10:17:00
78,0.0070999999999999995,1.0,1000,2026-01-01 10:18:00
79,0.013609999999999999,1.0,1000,2026-01-01 10:19:00
80,0.02172,1.0,1000,2026-01-01 10:20:00
81,0.03549,1.0,1000,2026-01-01 10:21:00
82,0.04395,1.0,1000,2026-01-01 10:22:00
83,0.037579999999999995,1.0,1000,2026-01-01 10:23:00
84,0.00779,1.0,1000,2026-01-01 10:24:00
85,0.0046,0.63,1000,2026-01-01 10:25:00
86,0.0026,0.87,1000,2026-01-01 10:26:00
87,0.00392,0.78,1000,2026-01-01 10:27:00
88,0.00273,0.86,1000,2026-01-01 10:28:00
89,0.0025,0.67,1000,2026-01-01 10:29:00
90,0.00638,0.81,1000,2026-01-01 10:30:00
91,0.00353,0.91,1000,2026-01-01 10:31:00
92,0.0046099999999999995,0.82,1000,2026-01-01 10:32:00
93,0.00175,0.62,1000,2026-01-01 10:33:00
94,0.005810000000000001,0.79,1000,2026-01-01 10:34:00
95,0.011736708507554334,0.79,1000,2026-01-01 10:35:00
96,0.00214,0.77,1000,2026-01-01 10:36:00
97,0.00108,0.16,1000,2026-01-01 10:37:00
98,0.0015400000000000001,0.62,1000,2026-01-01 10:38:00
99,0.002957589634546378,0.8675896345463779,1000,2026-01-01 10:39:00
100,0.00147,0.69,1000,2026-01-01 10:40:00
101,0.00078,0.21,1000,2026-01-01 10:41:00
102,0.001079532302790585,0.2,1000,2026-01-01 10:42:00
103,0.00127,0.35,1000,2026-01-01 10:43:00
104,0.0021011005592044235,0.44,1000,2026-01-01 10:44:00
105,0.00102,0.22,1000,2026-01-01 10:45:00
106,0.00041000000000000005,0.05,1000,2026-01-01 10:46:00
107,0.00035,0.09,1000,2026-01-01 10:47:00
108,0.0010995730052254,0.13,1000,2026-01-01 10:48:00
109,0.0010299521278728562,0.26,1000,2026-01-01 10:49:00
110,0.00039,0.06,1000,2026-01-01 10:50:00
111,0.0008100000000000001,0.31,1000,2026-01-01 10:51:00
112,0.00151803005,0.70803005,1000,2026-01-01 10:52:00
113,0.0005899999999999999,0.2,1000,2026-01-01 10:53:00
114,0.0005600000000000001,0.11,1000,2026-01-01 10:54:00
115,0.00085,0.12,1000,2026-01-01 10:55:00
116,0.00094,0.15,1000,2026-01-01 10:56:00
117,0.00093,0.28,1000,2026-01-01 10:57:00
118,0.00054,0.09,1000,2026-01-01 10:58:00
119,0.0010400000000000001,0.13,1000,2026-01-01 10:59:00
120,0.00054,0.12,1000,2026-01-01 11:00:00
121,0.00065,0.11,1000,2026-01-01 11:01:00
122,0.00102,0.18,1000,2026-01-01 11:02:00
123,0.00122,0.19,1000,2026-01-01 11:03:00
124,0.0007100000000000001,0.15,1000,2026-01-01 11:04:00
125,0.00098,0.43,1000,2026-01-01 11:05:00
126,0.0009400000000000001,0.22,1000,2026-01-01 11:06:00
127,0.0018900000000000002,0.89,1000,2026-01-01 11:07:00
128,0.0012,0.22,1000,2026-01-01 11:08:00
129,0.00103,0.32,1000,2026-01-01 11:09:00
130,0.0013374521851328757,0.48745218513287564,1000,2026-01-01 11:10:00
131,0.0008100000000000001,0.14,1000,2026-01-01 11:11:00
132,0.09813638533745452,1.0,1000,2026-01-01 11:12:00
133,0.0011984845138030252,0.17,1000,2026-01-01 11:13:00
134,0.00078,0.16,1000,2026-01-01 11:14:00
135,0.00212,0.72,1000,2026-01-01 11:15:00
136,0.00098,0.49,1000,2026-01-01 11:16:00
137,0.00064,0.15,1000,2026-01-01 11:17:00
138,0.00131,0.85,1000,2026-01-01 11:18:00
139,0.00123,0.32,1000,2026-01-01 11:19:00
140,0.00053,0.26,1000,2026-01-01 11:20:00
141,0.0003,0.06,1000,2026-01-01 11:21:00
142,0.00053,0.25,1000,2026-01-01 11:22:00
143,0.0010500000000000002,0.8,1000,2026-01-01 11:23:00
144,0.0010992351733424615,0.22,1000,2026-01-01 11:24:00
145,0.0007,0.19,1000,2026-01-01 11:25:00
146,0.0005200000000000001,0.1,1000,2026-01-01 11:26:00
147,0.00046,0.16,1000,2026-01-01 11:27:00
148,0.00045,0.06,1000,2026-01-01 11:28:00
149,0.00041000000000000005,0.12,1000,2026-01-01 11:29:00
150,0.00092,0.38,1000,2026-01-01 11:30:00
151,0.00032,0.1,1000,2026-01-01 11:31:00
152,0.00041999999999999996,0.1,1000,2026-01-01 11:32:00
153,0.00054,0.13,1000,2026-01-01 11:33:00
154,0.0018800000000000002,0.68,1000,2026-01-01 11:34:00
155,0.0015781186702102119,0.76,1000,2026-01-01 11:35:00
156,0.00024,0.05,1000,2026-01-01 11:36:00
157,0.00083,0.5,1000,2026-01-01 11:37:00
158,0.0015989074073560526,0.5989074073560527,1000,2026-01-01 11:38:00
159,0.00157,0.21,1000,2026-01-01 11:39:00
160,0.00102,0.11,1000,2026-01-01 11:40:00
161,0.0017800000000000001,0.56,1000,2026-01-01 11:41:00
162,0.00686,1.0,1000,2026-01-01 11:42:00
163,0.038810000000000004,1.0,1000,2026-01-01 11:43:00
164,0.0218,1.0,1000,2026-01-01 11:44:00
165,0.04248,1.0,1000,2026-01-01 11:45:00
166,0.02094,1.0,1000,2026-01-01 11:46:00
167,0.04367,1.0,1000,2026-01-01 11:47:00
168,0.03538,1.0,1000,2026-01-01 11:48:00
169,0.04557670850755434,1.0,1000,2026-01-01 11:49:00
170,0.02944,1.0,1000,2026-01-01 11:50:00
171,0.0229,1.0,1000,2026-01-01 11:51:00
172,0.00062,0.12,1000,2026-01-01 11:52:00
173,0.032549999999999996,1.0,1000,2026-01-01 11:53:00
174,0.040130000000000006,1.0,1000,2026-01-01 11:54:00
175,0.032780000000000004,1.0,1000,2026-01-01 11:55:00
176,0.01871,1.0,1000,2026-01-01 11:56:00
177,0.00207,0.72,1000,2026-01-01 11:57:00
178,0.00041000000000000005,0.08,1000,2026-01-01 11:58:00
179,0.00025,0.08,1000,2026-01-01 11:59:00
180,0.0007249675073560529,0.28,1000,2026-01-01 12:00:00
181,0.0019299999999999999,0.69,1000,2026-01-01 12:01:00
182,0.0017395323027905852,0.4,1000,2026-01-01 12:02:00
183,0.00029,0.16,1000,2026-01-01 12:03:00
184,0.0021505417682961816,0.92,1000,2026-01-01 12:04:00
185,0.00067,0.1,1000,2026-01-01 12:05:00
186,0.00117,0.15,1000,2026-01-01 12:06:00
187,0.0014399999999999999,0.24,1000,2026-01-01 12:07:00
188,0.0012173100302913754,0.19,1000,2026-01-01 12:08:00
189,0.00121,0.14,1000,2026-01-01 12:09:00
190,0.00146,0.31,1000,2026-01-01 12:10:00
191,0.0012900000000000001,0.22,1000,2026-01-01 12:11:00
192,0.00081,0.29,1000,2026-01-01 12:12:00
193,0.0008161306426872096,0.1,1000,2026-01-01 12:13:00
194,0.15721000000000002,1.0,1000,2026-01-01 12:14:00
195,0.13422,1.0,1000,2026-01-01 12:15:00
196,0.12643000000000001,1.0,1000,2026-01-01 12:16:00
197,0.17178942213513287,1.0,1000,2026-01-01 12:17:00
198,0.0016,0.93,1000,2026-01-01 12:18:00
199,0.0015092440742744656,0.77,1000,2026-01-01 12:19:00
200,0.00081,0.49,1000,2026-01-01 12:20:00
201,0.0010588442702657512,0.27,1000,2026-01-01 12:21:00
202,0.0014299999999999998,0.58,1000,2026-01-01 12:22:00
203,0.00347,1.0,1000,2026-01-01 12:23:00
204,0.01684940452164698,1.0,1000,2026-01-01 12:24:00
205,0.034570000000000004,1.0,1000,2026-01-01 12:25:00
206,0.05017,1.0,1000,2026-01-01 12:26:00
207,0.09186,1.0,1000,2026-01-01 12:27:00
208,0.01227,1.0,1000,2026-01-01 12:28:00
209,0.00038,0.08,1000,2026-01-01 12:29:00
210,0.00051,0.2,1000,2026-01-01 12:30:00
211,0.00074,0.08,1000,2026-01-01 12:31:00
212,0.0008900000000000001,0.41,1000,2026-01-01 12:32:00
213,0.024300000000000002,1.0,1000,2026-01-01 12:33:00
214,0.01218,1.0,1000,2026-01-01 12:34:00
215,0.0259,1.0,1000,2026-01-01 12:35:00
216,0.013349999999999999,1.0,1000,2026-01-01 12:36:00
217,0.02886,1.0,1000,2026-01-01 12:37:00
218,0.014240000000000001,1.0,1000,2026-01-01 12:38:00
219,0.01219,1.0,1000,2026-01-01 12:39:00
220,0.015390000000000001,1.0,1000,2026-01-01 12:40:00
221,0.02693,1.0,1000,2026-01-01 12:41:00
222,0.01506,1.0,1000,2026-01-01 12:42:00
223,0.01702,1.0,1000,2026-01-01 12:43:00
224,0.01743,1.0,1000,2026-01-01 12:44:00
225,0.003878542034779541,1.0,1000,2026-01-01 12:45:00
226,0.11268,1.0,1000,2026-01-01 12:46:00
227,0.10837000000000001,1.0,1000,2026-01-01 12:47:00
228,0.9134792123267076,1.0,1000,2026-01-01 12:48:00
229,0.9429569445775835,1.0,1000,2026-01-01 12:49:00
230,0.9358301461508125,1.0,1000,2026-01-01 12:50:00
231,0.9691437537714515,1.0,1000,2026-01-01 12:51:00
232,0.9272824432554342,1.0,1000,2026-01-01 12:52:00
233,0.9324989566213224,1.0,1000,2026-01-01 12:53:00
234,0.9255825680619595,1.0,1000,2026-01-01 12:54:00
235,0.930706049605337,1.0,1000,2026-01-01 12:55:00
236,0.9160131526574485,1.0,1000,2026-01-01 12:56:00
237,0.9003597023496754,1.0,1000,2026-01-01 12:57:00
238,0.6377506662633539,1.0,1000,2026-01-01 12:58:00
239,0.38977977803040226,1.0,1000,2026-01-01 12:59:00
240,0.00111,0.46,1000,2026-01-01 13:00:00
241,0.0011799999999999998,0.32,1000,2026-01-01 13:01:00
242,0.0005200000000000001,0.18,1000,2026-01-01 13:02:00
243,0.00031,0.07,1000,2026-01-01 13:03:00
244,0.0008399999999999999,0.2,1000,2026-01-01 13:04:00
245,0.0014199999999999998,0.88,1000,2026-01-01 13:05:00
246,0.0005200000000000001,0.07,1000,2026-01-01 13:06:00
247,0.03056,1.0,1000,2026-01-01 13:07:00
248,0.05217,1.0,1000,2026-01-01 13:08:00
249,0.043859999999999996,1.0,1000,2026-01-01 13:09:00
250,0.04998,1.0,1000,2026-01-01 13:10:00
251,0.046509999999999996,1.0,1000,2026-01-01 13:11:00
252,0.05735,1.0,1000,2026-01-01 13:12:00
253,0.05104,1.0,1000,2026-01-01 13:13:00
254,0.05329,1.0,1000,2026-01-01 13:14:00
255,0.06333333333333334,1.0,201,2026-01-01 13:15:00
